--
-- PostgreSQL database dump
--

-- Dumped from database version 9.6.9
-- Dumped by pg_dump version 9.6.9

SET statement_timeout = 0;
SET lock_timeout = 0;
SET idle_in_transaction_session_timeout = 0;
SET client_encoding = 'UTF8';
SET standard_conforming_strings = on;
SELECT pg_catalog.set_config('search_path', '', false);
SET check_function_bodies = false;
SET client_min_messages = warning;
SET row_security = off;

--
-- Name: plpgsql; Type: EXTENSION; Schema: -; Owner: 
--

CREATE EXTENSION IF NOT EXISTS plpgsql WITH SCHEMA pg_catalog;


--
-- Name: EXTENSION plpgsql; Type: COMMENT; Schema: -; Owner: 
--

COMMENT ON EXTENSION plpgsql IS 'PL/pgSQL procedural language';


--
-- Name: chefid; Type: SEQUENCE; Schema: public; Owner: postgres
--

CREATE SEQUENCE public.chefid
    START WITH 1
    INCREMENT BY 1
    NO MINVALUE
    NO MAXVALUE
    CACHE 1;


ALTER TABLE public.chefid OWNER TO postgres;

SET default_tablespace = '';

SET default_with_oids = false;

--
-- Name: chefmenu; Type: TABLE; Schema: public; Owner: postgres
--

CREATE TABLE public.chefmenu (
    id integer NOT NULL,
    chefid bigint,
    itemphotoname character varying(500),
    itemname character varying(500),
    itemdesc character varying(1000),
    isveg boolean,
    itemprice numeric
);


ALTER TABLE public.chefmenu OWNER TO postgres;

--
-- Name: chefmenu_id_seq; Type: SEQUENCE; Schema: public; Owner: postgres
--

CREATE SEQUENCE public.chefmenu_id_seq
    START WITH 1
    INCREMENT BY 1
    NO MINVALUE
    NO MAXVALUE
    CACHE 1;


ALTER TABLE public.chefmenu_id_seq OWNER TO postgres;

--
-- Name: chefmenu_id_seq; Type: SEQUENCE OWNED BY; Schema: public; Owner: postgres
--

ALTER SEQUENCE public.chefmenu_id_seq OWNED BY public.chefmenu.id;


--
-- Name: chefs; Type: TABLE; Schema: public; Owner: postgres
--

CREATE TABLE public.chefs (
    id integer NOT NULL,
    signaturedishimagename character varying(500),
    chefphotoname character varying(500),
    chefname character varying(500),
    chefbio character varying(1000),
    likes integer,
    cuisinename character varying(500),
    pincodes integer[],
    lat2 double precision,
    long2 double precision,
    lat2cosine double precision
);


ALTER TABLE public.chefs OWNER TO postgres;

--
-- Name: chefs_id_seq; Type: SEQUENCE; Schema: public; Owner: postgres
--

CREATE SEQUENCE public.chefs_id_seq
    START WITH 1
    INCREMENT BY 1
    NO MINVALUE
    NO MAXVALUE
    CACHE 1;


ALTER TABLE public.chefs_id_seq OWNER TO postgres;

--
-- Name: chefs_id_seq; Type: SEQUENCE OWNED BY; Schema: public; Owner: postgres
--

ALTER SEQUENCE public.chefs_id_seq OWNED BY public.chefs.id;


--
-- Name: orderitems; Type: TABLE; Schema: public; Owner: postgres
--

CREATE TABLE public.orderitems (
    id integer NOT NULL,
    orderid character varying(200),
    chefid integer NOT NULL,
    itemname character varying(500),
    itemqty integer,
    itemprice double precision,
    "timestamp" bigint
);


ALTER TABLE public.orderitems OWNER TO postgres;

--
-- Name: orderitems_id_seq; Type: SEQUENCE; Schema: public; Owner: postgres
--

CREATE SEQUENCE public.orderitems_id_seq
    START WITH 1
    INCREMENT BY 1
    NO MINVALUE
    NO MAXVALUE
    CACHE 1;


ALTER TABLE public.orderitems_id_seq OWNER TO postgres;

--
-- Name: orderitems_id_seq; Type: SEQUENCE OWNED BY; Schema: public; Owner: postgres
--

ALTER SEQUENCE public.orderitems_id_seq OWNED BY public.orderitems.id;


--
-- Name: orders; Type: TABLE; Schema: public; Owner: postgres
--

CREATE TABLE public.orders (
    id integer NOT NULL,
    chefid integer NOT NULL,
    orderid character varying(200),
    paymentid character varying(200),
    signature character varying(200),
    status character varying(200),
    "timestamp" bigint,
    amount numeric
);


ALTER TABLE public.orders OWNER TO postgres;

--
-- Name: orders_id_seq; Type: SEQUENCE; Schema: public; Owner: postgres
--

CREATE SEQUENCE public.orders_id_seq
    START WITH 1
    INCREMENT BY 1
    NO MINVALUE
    NO MAXVALUE
    CACHE 1;


ALTER TABLE public.orders_id_seq OWNER TO postgres;

--
-- Name: orders_id_seq; Type: SEQUENCE OWNED BY; Schema: public; Owner: postgres
--

ALTER SEQUENCE public.orders_id_seq OWNED BY public.orders.id;


--
-- Name: chefmenu id; Type: DEFAULT; Schema: public; Owner: postgres
--

ALTER TABLE ONLY public.chefmenu ALTER COLUMN id SET DEFAULT nextval('public.chefmenu_id_seq'::regclass);


--
-- Name: chefs id; Type: DEFAULT; Schema: public; Owner: postgres
--

ALTER TABLE ONLY public.chefs ALTER COLUMN id SET DEFAULT nextval('public.chefs_id_seq'::regclass);


--
-- Name: orderitems id; Type: DEFAULT; Schema: public; Owner: postgres
--

ALTER TABLE ONLY public.orderitems ALTER COLUMN id SET DEFAULT nextval('public.orderitems_id_seq'::regclass);


--
-- Name: orders id; Type: DEFAULT; Schema: public; Owner: postgres
--

ALTER TABLE ONLY public.orders ALTER COLUMN id SET DEFAULT nextval('public.orders_id_seq'::regclass);


--
-- Name: chefid; Type: SEQUENCE SET; Schema: public; Owner: postgres
--

SELECT pg_catalog.setval('public.chefid', 4, true);


--
-- Data for Name: chefmenu; Type: TABLE DATA; Schema: public; Owner: postgres
--

COPY public.chefmenu (id, chefid, itemphotoname, itemname, itemdesc, isveg, itemprice) FROM stdin;
2	1	/images/menuitem.jpg	Veg Pizza	Steaming Pizza with soft,fresh veggies and a dash of italian sauce.	t	10.00
3	1	/images/menuitem.jpg	Veg Noodles	Steaming noodles with soft,fresh veggies and a dash of italian sauce.	t	10.00
4	1	/images/menuitem.jpg	Veg Tacos	Steaming tacos with soft,fresh veggies and a dash of mexican sauce.	t	10.00
1	1	/images/menuitem.jpg	Veg Spaghetti	Steaming Spaghetti with soft,fresh veggies and a dash of italian sauce.	t	10.00
5	2	/images/menuitem.jpg	pizza	great pizza	t	10.00
7	4	/images/menuitem.jpg	pizza	great pizza	t	10.00
6	3	/images/menuitem.jpg	pizza	creamy pizza	t	10.00
8	2	/images/menuitem.jpg	maggi	great noodles	t	10.00
9	4	/images/menuitem.jpg	maggi	great noodles	t	10.00
\.


--
-- Name: chefmenu_id_seq; Type: SEQUENCE SET; Schema: public; Owner: postgres
--

SELECT pg_catalog.setval('public.chefmenu_id_seq', 9, true);


--
-- Data for Name: chefs; Type: TABLE DATA; Schema: public; Owner: postgres
--

COPY public.chefs (id, signaturedishimagename, chefphotoname, chefname, chefbio, likes, cuisinename, pincodes, lat2, long2, lat2cosine) FROM stdin;
4	/images/signaturedish1.jpg	/images/wayne.webp	Monica Dcosta	I stir up perfect,fresh Indian Meals	21	Indian	{400091,400092}	19.2354704000000005	72.8439044999999936	0.944172596075255943
2	/images/signaturedish1.jpg	/images/wayne.webp	Tim Bert	Making Mexican food is my passion. Try my tacos for a fresh, delicious meal	21	Mexican	{400091,400092}	19.2354704000000005	72.8439044999999936	0.944172596075255943
1	/images/signaturedish1.jpg	/images/wayne.webp	Saransh Goyal	The wok is my friend. I stir up fresh and yummy Chinese meals	20	Chinese	{400091}	19.2354704000000005	72.8439044999999936	0.944172596075255943
3	/images/signaturedish1.jpg	/images/wayne.webp	Albert M	I love making italian delicacies	28	Italian	{400091,400092}	19.2354704000000005	72.8439044999999936	0.944172596075255943
\.


--
-- Name: chefs_id_seq; Type: SEQUENCE SET; Schema: public; Owner: postgres
--

SELECT pg_catalog.setval('public.chefs_id_seq', 4, true);


--
-- Data for Name: orderitems; Type: TABLE DATA; Schema: public; Owner: postgres
--

COPY public.orderitems (id, orderid, chefid, itemname, itemqty, itemprice, "timestamp") FROM stdin;
1	order_HpSHKRZ0IqRG33	1	Veg Spaghetti	2	20	1629900100464
2	order_HpSHKRZ0IqRG33	1	Veg Pizza	1	10	1629900100679
3	order_HpSJPOStq9qXgz	1	Veg Spaghetti	2	20	1629900216475
4	order_HpSJPOStq9qXgz	1	Veg Pizza	1	10	1629900216480
5	order_HpSLAHEKpQZGEk	1	Veg Spaghetti	2	20	1629900317449
6	order_HpSLAHEKpQZGEk	1	Veg Pizza	1	10	1629900317487
7	order_HpSM7bbzTlpmbk	1	Veg Spaghetti	2	20	1629900372560
\.


--
-- Name: orderitems_id_seq; Type: SEQUENCE SET; Schema: public; Owner: postgres
--

SELECT pg_catalog.setval('public.orderitems_id_seq', 7, true);


--
-- Data for Name: orders; Type: TABLE DATA; Schema: public; Owner: postgres
--

COPY public.orders (id, chefid, orderid, paymentid, signature, status, "timestamp", amount) FROM stdin;
1	1	order_HnQiwNdEBgwDSN	pay_Hn4ZTAOokANB1e	c32f15bfedaca1c90997fbe164414cb742943595957e57172c515024d38f1dd4	completed	1629458726393	\N
2	1	order_HnRH4SuCZ9CQyy	pay_HnRHdgN0oZBr0l	a6c80507cb24ab1b97132475c9189b211eedcb4bd14651ec52e5cb2ac6d3cf29	completed	1629459895920	\N
3	1	order_HnUXWKl3S5QgIu	\N	\N	created	1629471357606	\N
4	1	order_HnUZDftxIfYlTw	\N	\N	created	1629471454046	\N
5	1	order_HnUbEgV1LIodx7	pay_HnUbYmWQVAWHuu	d45a3a39adb8a0ec4e5671adc75e421eda183f826741e6787fbf217193619535	completed	1629471590173	\N
6	1	order_HnUcNjm1kxbfM0	pay_HnUckian3hcuOf	5b728ec1469c798a6f179d398ce9a2a5764f5a107778ff94818143084263b23b	completed	1629471658040	\N
7	1	order_HnYuIMZl1FEfVH	pay_HnYulejNdfFqHP	07aa38de7fe0726e2164c36bf5d3bd172035c86fdd9b3c1460b6307584078ee5	completed	1629486768464	3000
8	1	order_Hp4cqLHN5Qi5pp	pay_Hp4dI0EUdCdfl0	638a2fbcb449aa5ead8df03fccda7e93051bea9272884ddfadfdcee63d436a0c	completed	1629816810896	2000
9	1	order_Hp4khKuXsyG2BZ	\N	\N	created	1629817227974	2000
10	1	order_Hp4lkxmlGqUQiU	pay_Hp4mCreDKavfo5	2529cc6c1a1d125e5756e346ab2a7e1d9002a2667476de499e42d7d3c5cc2070	completed	1629817317567	2000
11	1	order_Hp4mjLBXAqFK3e	pay_Hp4nMcBRVSB0kt	523a8050fd0591ff0d2dbacb72a01454fbbdb821069ea5d60a60189f0ac639a4	completed	1629817382938	3000
12	1	order_Hp5RZehqfAwGgx	\N	\N	created	1629819663307	7000
13	1	order_Hp5oc7Yu5GUCeL	\N	\N	created	1629820972058	2000
14	1	order_Hp5w02gcy3vLVU	pay_Hp5wNjiakP0NW2	ff35099109fa4f3f7c4582b5b8761ab75f1f07c91836ad87558606d42ee365d5	completed	1629821416807	2000
15	1	order_Hp62JhRcRCBdt1	pay_Hp62xgDwllK25J	a1e9be45ddb468de65d18d595fee6d8cd06255020bcf67ebfc8b7f8f1bc70e90	completed	1629821790407	1000
16	1	order_HpARBV9dapGBGO	\N	\N	created	1629837249278	2000
17	1	order_HpAThP78G7k8kU	\N	\N	created	1629837392026	2000
18	1	order_HpPQSZig5g6rQW	\N	\N	created	1629890033527	3000
19	1	order_HpPTTpTRq56hEI	\N	\N	created	1629890204871	3000
20	1	order_HpPkiwH177q9TC	\N	\N	created	1629891184448	3000
21	1	order_HpPmYUTM9zR52V	pay_HpPmvmsHrh2y5w	052f449091fec4ebabf6ebd03181242a282ab0808fff11594df0f0931f20584c	completed	1629891313939	3000
22	1	order_HpSBkfQaW9TWCE	\N	\N	created	1629899762845	3000
23	1	order_HpSDYM71QtFLVi	pay_HpSDyAf0UoVF5Y	5d88cbc062f4f15303079fc67c84d559fe8ecca82dde441066d45930113ee88c	completed	1629899892556	3000
24	1	order_HpSHKRZ0IqRG33	pay_HpSHcganYQji4s	d6a08416f561c885e22336386edae3aaa378b195076d82d165d415072959ea2e	completed	1629900100413	3000
25	1	order_HpSJPOStq9qXgz	pay_HpSJg4TiR0kKPI	bfc855a47f506c8a3b8a576fb6942375b923f03da60ac0576d9d7bd85f2842d7	completed	1629900216424	3000
26	1	order_HpSLAHEKpQZGEk	pay_HpSLRoCuXTi8Pz	869d45df423716eb0f097f461bc8e8a85d6d946c4268b656c1294336bc99f888	completed	1629900317387	3000
27	1	order_HpSM7bbzTlpmbk	pay_HpSMQMUrCCKMGT	e4b872ba56009f9af59a81b7d6be6cfb29d1df10ca67499b3bc7c9bb95471122	completed	1629900372500	2000
28	4	order_HqcsmXLV9wGLKX	\N	\N	created	1630155765001	2000
\.


--
-- Name: orders_id_seq; Type: SEQUENCE SET; Schema: public; Owner: postgres
--

SELECT pg_catalog.setval('public.orders_id_seq', 28, true);


--
-- Name: chefmenu chefmenu_pkey; Type: CONSTRAINT; Schema: public; Owner: postgres
--

ALTER TABLE ONLY public.chefmenu
    ADD CONSTRAINT chefmenu_pkey PRIMARY KEY (id);


--
-- Name: chefs chefs_pkey; Type: CONSTRAINT; Schema: public; Owner: postgres
--

ALTER TABLE ONLY public.chefs
    ADD CONSTRAINT chefs_pkey PRIMARY KEY (id);


--
-- Name: orderitems orderitems_pkey; Type: CONSTRAINT; Schema: public; Owner: postgres
--

ALTER TABLE ONLY public.orderitems
    ADD CONSTRAINT orderitems_pkey PRIMARY KEY (id);


--
-- Name: orders orders_pkey; Type: CONSTRAINT; Schema: public; Owner: postgres
--

ALTER TABLE ONLY public.orders
    ADD CONSTRAINT orders_pkey PRIMARY KEY (id);


--
-- PostgreSQL database dump complete
--

